<project name="nuxeo-python-client-tests" xmlns:nx="urn:nuxeo-build" xmlns:artifact="urn:nuxeo-artifact">
  <taskdef resource="org/nuxeo/build/antlib.xml" uri="urn:nuxeo-build" />
  <taskdef resource="org/nuxeo/build/artifact/antlib.xml" uri="urn:nuxeo-artifact" />
  <taskdef resource="net/sf/antcontrib/antlib.xml" />

  <property name="out.dir" value="${maven.project.build.directory}" />
  <property environment="env" />

  <unzip dest="${out.dir}/" overwrite="false">
    <artifact:resolveFile key="org.nuxeo:nuxeo-ftest::zip" />
  </unzip>
  <import file="${out.dir}/nuxeo-ftest.xml" />

  <target name="run-python-tests">
      <echo level="info">################### Starting Nuxeo Python Client functional tests ###################</echo>
      <property name="env.SERVER_URL" value="" />
      <echo level="info">PATH detected by Ant = ${env.PATH}</echo>
      <echo level="info">SERVER_URL environment variable = ${env.SERVER_URL}</echo>
      <exec executable="tox" failonerror="true"/>
      <echo level="info">################### Ended Nuxeo Python Client functional tests ###################</echo>
    </target>
</project>
