[
    {
        "watchdog.tricks.LoggerTrick": {
            "patterns": [
                "*.py",
                "*.js"
            ]
        }
    },
    {
        "watchmedo_webtricks.GoogleClosureTrick": {
            "scripts": {
                "index-page": [
                    "app/static/js/vendor/jquery.js",
                    "app/static/js/base.js",
                    "app/static/js/index-page.js"],
                "about-page": [
                    "app/static/js/vendor/jquery.js",
                    "app/static/js/base.js",
                    "app/static/js/about-page.js"]
            },
            "suffix": ".min.js",
            "source_directory": "app/static/js/",
            "hash_names": true,
            "patterns": ["*.js"],
            "destination_directory": "app/public/js/",
            "compilation_level": "advanced",
            "mappings_module": "app/javascript_mappings.json"
        }
    }
]
